Workbook

Sheet ملاحظات
A1: المصدر: تقارير سلة (Salla Merchant Reports) — الفترة من بداية المتجر حتى 2026-09-28، سُحبت في 2026-09-28.
A2: تم حذف أسماء العملاء وإيميلاتهم وأرقام جوالاتهم بطلب منك — المتبقي: المدينة ورمز الدولة فقط.
A3: ورقة "الطلبات" = سطر لكل منتج داخل الطلب (الطلب اللي فيه 3 كتب يطلع 3 أسطر). عدد الطلبات الفريدة محسوب بالمعادلات.
A4: البيانات كما هي من سلة بدون تنظيف: مدن فاضية، أسماء مدن بالإنجليزي والعربي (Riyadh / الرياض)، رمز دولة لا يطابق المدينة أحيانًا.
A5: عمود "سطر مكرر؟" يعلّم الأسطر اللي نفس الطلب ونفس المنتج تكررت فيها (غالبًا تكرار من صفحات تقرير سلة، مثل الطلب 261735629).
A6: أرقام "طرق الدفع" و"مصادر الزيارات" و"الحملات" و"القمع" و"شهري" منقولة من تقارير سلة الجاهزة، وقد لا تطابق مجموع ورقة الطلبات 100% (سلة تحسب الطلبات الملغاة/المسترجعة بطريقتها).
A7: تقرير الأجهزة في سلة ما يفرّق (كله "Store": 269 طلب، 17,442.12 ريال)، فاستخدم عمود "القناة" في ورقة الطلبات (أغلبها mobile).
A8: مصادر الزيارات: تيك توك جاب 95% من الزيارات لكن تحويله 0.22%، والزيارات المباشرة تحويلها 7.8%.

Sheet Sheet2
A3: Row Labels | B3: Sum of الإجمالي (ريال)
A4: أنثى | B4: 3026.03
A5: 2026-01 | B5: 960
A6: 2026-02 | B6: 98
A7: 2026-03 | B7: 245
A8: 2026-04 | B8: 49
A9: 2026-05 | B9: 245
A10: 2026-06 | B10: 274
A11: 2026-07 | B11: 336
A12: 2026-08 | B12: 533.03
A13: 2026-09 | B13: 286
A14: ذكر | B14: 15351.16
A15: 2026-01 | B15: 196
... A26: Grand Total | B26: 18426.19

Sheet الطلبات
A1: رقم الطلب | B1: التاريخ والوقت | C1: التاريخ | D1: الشهر | E1: الساعة | F1: اليوم | G1: المنتج | H1: الكمية | I1: الإجمالي (ريال) | J1: طريقة الدفع | K1: الحالة | L1: المدينة | M1: رمز الدولة | N1: القناة | O1: الجنس (النهائي)
A2: 229358484 | B2: 46032.985 | C2: =INT(B2) -> 46032 | D2: =TEXT(B2,"yyyy-mm") -> 2026-01 | E2: =HOUR(B2) -> 23 | F2: =CHOOSE(WEEKDAY(B2,2),"الإثنين","الثلاثاء","الأربعاء","الخميس","الجمعة","السبت","الأحد") -> السبت | G2: فن الكلام | H2: 1 | I2: 29 | J2: mada | K2: تم التنفيذ | L2: الدمام | M2: +966 | N2: mobile | O2: أنثى
A3: 230892347 | B3: 46042.617 | C3: =INT(B3) -> 46042 | D3: =TEXT(B3,"yyyy-mm") -> 2026-01 | E3: =HOUR(B3) -> 14 | F3: =CHOOSE(WEEKDAY(B3,2),"الإثنين","الثلاثاء","الأربعاء","الخميس","الجمعة","السبت","الأحد") -> الثلاثاء | G3: كتاب فن الكلام الرقمي | H3: 1 | I3: 49 | J3: credit_card | K3: تم التنفيذ | L3: الرياض | M3: +966 | N3: mobile | O3: أنثى
A4: 230989076 | B4: 46043.051 | C4: =INT(B4) -> 46043 | D4: =TEXT(B4,"yyyy-mm") -> 2026-01 | E4: =HOUR(B4) -> 1 | F4: =CHOOSE(WEEKDAY(B4,2),"الإثنين","الثلاثاء","الأربعاء","الخميس","الجمعة","السبت","الأحد") -> الأربعاء | G4: كتاب فن الكلام الرقمي | H4: 1 | I4: 49 | J4: mada | K4: تم التنفيذ | L4: الرياض | M4: +966 | N4: mobile | O4: ذكر
A5: 231050335 | B5: 46043.604 | C5: =INT(B5) -> 46043 | D5: =TEXT(B5,"yyyy-mm") -> 2026-01 | E5: =HOUR(B5) -> 14 | F5: =CHOOSE(WEEKDAY(B5,2),"الإثنين","الثلاثاء","الأربعاء","الخميس","الجمعة","السبت","الأحد") -> الأربعاء | G5: كتاب فن الكلام الرقمي | H5: 1 | I5: 49 | J5: mada | K5: تم التنفيذ | L5: تبوك | M5: +966 | N5: mobile | O5: أنثى
A6: 231088645 | B6: 46043.805 | C6: =INT(B6) -> 46043 | D6: =TEXT(B6,"yyyy-mm") -> 2026-01 | E6: =HOUR(B6) -> 19 | F6: =CHOOSE(WEEKDAY(B6,2),"الإثنين","الثلاثاء","الأربعاء","الخميس","الجمعة","السبت","الأحد") -> الأربعاء | G6: كتاب فن الكلام الرقمي | H6: 1 | I6: 49 | J6: mada | K6: تم التنفيذ | L6: الرياض | M6: +966 | N6: mobile | O6: أنثى
A7: 231158172 | B7: 46044.233 | C7: =INT(B7) -> 46044 | D7: =TEXT(B7,"yyyy-mm") -> 2026-01 | E7: =HOUR(B7) -> 5 | F7: =CHOOSE(WEEKDAY(B7,2),"الإثنين","الثلاثاء","الأربعاء","الخميس","الجمعة","السبت","الأحد") -> الخميس | G7: كتاب فن الكلام الرقمي | H7: 1 | I7: 49 | J7: mada | K7: تم التنفيذ | L7: بيش | M7: +966 | N7: mobile | O7: أنثى
A8: 231158951 | B8: 46044.246 | C8: =INT(B8) -> 46044 | D8: =TEXT(B8,"yyyy-mm") -> 2026-01 | E8: =HOUR(B8) -> 5 | F8: =CHOOSE(WEEKDAY(B8,2),"الإثنين","الثلاثاء","الأربعاء","الخميس","الجمعة","السبت","الأحد") -> الخميس | G8: كتاب فن الكلام الرقمي | H8: 1 | I8: 49 | J8: mada | K8: تم التنفيذ | L8: المدينة المنورة | M8: +966 | N8: mobile | O8: أنثى
A9: 231159428 | B9: 46044.254 | C9: =INT(B9) -> 46044 | D9: =TEXT(B9,"yyyy-mm") -> 2026-01 | E9: =HOUR(B9) -> 6 | F9: =CHOOSE(WEEKDAY(B9,2),"الإثنين","الثلاثاء","الأربعاء","الخميس","الجمعة","السبت","الأحد") -> الخميس | G9: كتاب فن الكلام الرقمي | H9: 1 | I9: 49 | J9: credit_card | K9: تم التنفيذ | L9: الرياض | M9: +966 | N9: mobile | O9: أنثى
A10: 231162387 | B10: 46044.293 | C10: =INT(B10) -> 46044 | D10: =TEXT(B10,"yyyy-mm") -> 2026-01 | E10: =HOUR(B10) -> 7 | F10: =CHOOSE(WEEKDAY(B10,2),"الإثنين","الثلاثاء","الأربعاء","الخميس","الجمعة","السبت","الأحد") -> الخميس | G10: كتاب فن الكلام الرقمي | H10: 2 | I10: 98 | J10: mada | K10: تم التنفيذ | L10: الرياض | M10: +966 | N10: mobile | O10: أنثى
A11: 231171408 | B11: 46044.389 | C11: =INT(B11) -> 46044 | D11: =TEXT(B11,"yyyy-mm") -> 2026-01 | E11: =HOUR(B11) -> 9 | F11: =CHOOSE(WEEKDAY(B11,2),"الإثنين","الثلاثاء","الأربعاء","الخميس","الجمعة","السبت","الأحد") -> الخميس | G11: كتاب فن الكلام الرقمي | H11: 1 | I11: 49 | J11: stc_pay | K11: تم التنفيذ | L11: الرياض | M11: +966 | N11: mobile | O11: أنثى
A12: 231179470 | B12: 46044.463 | C12: =INT(B12) -> 46044 | D12: =TEXT(B12,"yyyy-mm") -> 2026-01 | E12: =HOUR(B12) -> 11 | F12: =CHOOSE(WEEKDAY(B12,2),"الإثنين","الثلاثاء","الأربعاء","الخميس","الجمعة","السبت","الأحد") -> الخميس | G12: كتاب فن الكلام الرقمي | H12: 1 | I12: 49 | J12: mada | K12: تم التنفيذ | L12: الرياض | M12: +966 | N12: mobile | O12: أنثى
A13: 231186886 | B13: 46044.525 | C13: =INT(B13) -> 46044 | D13: =TEXT(B13,"yyyy-mm") -> 2026-01 | E13: =HOUR(B13) -> 12 | F13: =CHOOSE(WEEKDAY(B13,2),"الإثنين","الثلاثاء","الأربعاء","الخميس","الجمعة","السبت","الأحد") -> الخميس | G13: كتاب فن الكلام الرقمي | H13: 1 | I13: 49 | J13: mada | K13: تم التنفيذ | L13: بريدة | M13: +966 | N13: mobile | O13: أنثى
... A299: 288007319 | B299: 46288.136 | C299: =INT(B299) -> 46288 | D299: =TEXT(B299,"yyyy-mm") -> 2026-09 | E299: =HOUR(B299) -> 3 | F299: =CHOOSE(WEEKDAY(B299,2),"الإثنين","الثلاثاء","الأربعاء","الخميس","الجمعة","السبت","الأحد") -> الأربعاء | G299: مجموعة فنون التواصل | H299: 1 | I299: 99 | J299: credit_card | K299: تم التنفيذ | L299: غير معرف | M299: +44 | N299: mobile | O299: ذكر
A300: 288166019 | B300: 46288.73 | C300: =INT(B300) -> 46288 | D300: =TEXT(B300,"yyyy-mm") -> 2026-09 | E300: =HOUR(B300) -> 17 | F300: =CHOOSE(WEEKDAY(B300,2),"الإثنين","الثلاثاء","الأربعاء","الخميس","الجمعة","السبت","الأحد") -> الأربعاء | G300: مجموعة فنون التواصل | H300: 1 | I300: 99 | J300: credit_card | K300: تم التنفيذ | L300: الدوحة | M300: +974 | O300: ذكر
A301: 288653540 | B301: 46290.536 | C301: =INT(B301) -> 46290 | D301: =TEXT(B301,"yyyy-mm") -> 2026-09 | E301: =HOUR(B301) -> 12 | F301: =CHOOSE(WEEKDAY(B301,2),"الإثنين","الثلاثاء","الأربعاء","الخميس","الجمعة","السبت","الأحد") -> الجمعة | G301: مجموعة فنون التواصل | H301: 1 | I301: 99 | J301: tamara_installment | K301: تم التنفيذ | L301: الجبيل | M301: +966 | N301: mobile | O301: أنثى
A302: 288670027 | B302: 46290.586 | C302: =INT(B302) -> 46290 | D302: =TEXT(B302,"yyyy-mm") -> 2026-09 | E302: =HOUR(B302) -> 14 | F302: =CHOOSE(WEEKDAY(B302,2),"الإثنين","الثلاثاء","الأربعاء","الخميس","الجمعة","السبت","الأحد") -> الجمعة | G302: مجموعة فنون التواصل | H302: 1 | I302: 99 | J302: mada | K302: تم التنفيذ | L302: جدة | M302: +966 | O302: ذكر
A303: 289459290 | B303: 46292.863 | C303: =INT(B303) -> 46292 | D303: =TEXT(B303,"yyyy-mm") -> 2026-09 | E303: =HOUR(B303) -> 20 | F303: =CHOOSE(WEEKDAY(B303,2),"الإثنين","الثلاثاء","الأربعاء","الخميس","الجمعة","السبت","الأحد") -> الأحد | G303: كتاب فن الكلام الرقمي | H303: 1 | I303: 49 | J303: mada | K303: تم التنفيذ | L303: المدينة المنورة | M303: +966 | N303: mobile | O303: ذكر

Sheet مصادر الزيارات
A1: المصدر | B1: الزيارات | C1: المشتريات | D1: حصة من المشتريات (سلة) % | E1: قيمة المشتريات (ريال) | F1: معدل التحويل
A2: direct | B2: 2160 | C2: 170 | D2: 61.82 | E2: 10523.35 | F2: =IF(B2=0,0,C2/B2) -> 0.078703704
A3: tiktok | B3: 48190 | C3: 104 | D3: 37.82 | E3: 7062.85 | F3: =IF(B3=0,0,C3/B3) -> 0.0021581241
A4: instagram | B4: 167 | C4: 3 | D4: 1.09 | E4: 259 | F4: =IF(B4=0,0,C4/B4) -> 0.017964072
A5: الإجمالي | B5: =SUM(B2:B4) -> 50517 | C5: =SUM(C2:C4) -> 277 | E5: =SUM(E2:E4) -> 17845.2 | F5: =IF(B5=0,0,C5/B5) -> 0.0054833027

Sheet الحملات
A1: المصدر | B1: اسم الحملة | C1: الزيارات | D1: المشتريات | E1: قيمة المشتريات (ريال) | F1: معدل التحويل
A2: tiktok | B2: Copy 1 of Website conversion 20260505115044 | C2: 4261 | D2: 23 | E2: 1367.35 | F2: =IF(C2=0,0,D2/C2) -> 0.0053977939
A3: tiktok | B3: gh | C3: 3097 | D3: 16 | E3: 1056.2 | F3: =IF(C3=0,0,D3/C3) -> 0.00516629
A4: tiktok | B4: تجربة 2 | C4: 4372 | D4: 11 | E4: 666.4 | F4: =IF(C4=0,0,D4/C4) -> 0.002516011

Sheet قمع التحويل
A1: المرحلة | B1: العدد | C1: نسبة من الزيارات
A2: زيارات | B2: 50642 | C2: =IF($B$2=0,0,B2/$B$2) -> 1
A3: إضافة للسلة | B3: 615 | C3: =IF($B$2=0,0,B3/$B$2) -> 0.01214407
A4: عرض السلة | B4: 518 | C4: =IF($B$2=0,0,B4/$B$2) -> 0.010228664
A5: بدء الدفع | B5: 105 | C5: =IF($B$2=0,0,B5/$B$2) -> 0.0020733778
A6: طلب مكتمل | B6: 277 | C6: =IF($B$2=0,0,B6/$B$2) -> 0.0054697682

Sheet الوقت
A1: الساعة | B1: عدد الطلبات (فريدة) | C1: المبيعات (ريال) | E1: اليوم | F1: عدد الطلبات (فريدة) | G1: المبيعات (ريال)
A2: 0 | B2: =SUMPRODUCT((الطلبات!$E$2:$E$303=A2)/COUNTIFS(الطلبات!$A$2:$A$303,الطلبات!$A$2:$A$303)) -> 12 | C2: =SUMIF(الطلبات!$E$2:$E$303,A2,الطلبات!$I$2:$I$303) -> 1046 | E2: الأحد | F2: =SUMPRODUCT((الطلبات!$F$2:$F$303=E2)/COUNTIFS(الطلبات!$A$2:$A$303,الطلبات!$A$2:$A$303)) -> 43 | G2: =SUMIF(الطلبات!$F$2:$F$303,E2,الطلبات!$I$2:$I$303) -> 2753.03
A3: 1 | B3: =SUMPRODUCT((الطلبات!$E$2:$E$303=A3)/COUNTIFS(الطلبات!$A$2:$A$303,الطلبات!$A$2:$A$303)) -> 12 | C3: =SUMIF(الطلبات!$E$2:$E$303,A3,الطلبات!$I$2:$I$303) -> 676 | E3: الإثنين | F3: =SUMPRODUCT((الطلبات!$F$2:$F$303=E3)/COUNTIFS(الطلبات!$A$2:$A$303,الطلبات!$A$2:$A$303)) -> 36 | G3: =SUMIF(الطلبات!$F$2:$F$303,E3,الطلبات!$I$2:$I$303) -> 2403.03
A4: 2 | B4: =SUMPRODUCT((الطلبات!$E$2:$E$303=A4)/COUNTIFS(الطلبات!$A$2:$A$303,الطلبات!$A$2:$A$303)) -> 15 | C4: =SUMIF(الطلبات!$E$2:$E$303,A4,الطلبات!$I$2:$I$303) -> 971.04 | E4: الثلاثاء | F4: =SUMPRODUCT((الطلبات!$F$2:$F$303=E4)/COUNTIFS(الطلبات!$A$2:$A$303,الطلبات!$A$2:$A$303)) -> 32 | G4: =SUMIF(الطلبات!$F$2:$F$303,E4,الطلبات!$I$2:$I$303) -> 2157.06
A5: 3 | B5: =SUMPRODUCT((الطلبات!$E$2:$E$303=A5)/COUNTIFS(الطلبات!$A$2:$A$303,الطلبات!$A$2:$A$303)) -> 16 | C5: =SUMIF(الطلبات!$E$2:$E$303,A5,الطلبات!$I$2:$I$303) -> 1255.03 | E5: الأربعاء | F5: =SUMPRODUCT((الطلبات!$F$2:$F$303=E5)/COUNTIFS(الطلبات!$A$2:$A$303,الطلبات!$A$2:$A$303)) -> 40 | G5: =SUMIF(الطلبات!$F$2:$F$303,E5,الطلبات!$I$2:$I$303) -> 2775.94
A6: 4 | B6: =SUMPRODUCT((الطلبات!$E$2:$E$303=A6)/COUNTIFS(الطلبات!$A$2:$A$303,الطلبات!$A$2:$A$303)) -> 7 | C6: =SUMIF(الطلبات!$E$2:$E$303,A6,الطلبات!$I$2:$I$303) -> 445 | E6: الخميس | F6: =SUMPRODUCT((الطلبات!$F$2:$F$303=E6)/COUNTIFS(الطلبات!$A$2:$A$303,الطلبات!$A$2:$A$303)) -> 44 | G6: =SUMIF(الطلبات!$F$2:$F$303,E6,الطلبات!$I$2:$I$303) -> 2509.01
A7: 5 | B7: =SUMPRODUCT((الطلبات!$E$2:$E$303=A7)/COUNTIFS(الطلبات!$A$2:$A$303,الطلبات!$A$2:$A$303)) -> 19 | C7: =SUMIF(الطلبات!$E$2:$E$303,A7,الطلبات!$I$2:$I$303) -> 1451 | E7: الجمعة | F7: =SUMPRODUCT((الطلبات!$F$2:$F$303=E7)/COUNTIFS(الطلبات!$A$2:$A$303,الطلبات!$A$2:$A$303)) -> 39 | G7: =SUMIF(الطلبات!$F$2:$F$303,E7,الطلبات!$I$2:$I$303) -> 3037.09
A8: 6 | B8: =SUMPRODUCT((الطلبات!$E$2:$E$303=A8)/COUNTIFS(الطلبات!$A$2:$A$303,الطلبات!$A$2:$A$303)) -> 9 | C8: =SUMIF(الطلبات!$E$2:$E$303,A8,الطلبات!$I$2:$I$303) -> 665 | E8: السبت | F8: =SUMPRODUCT((الطلبات!$F$2:$F$303=E8)/COUNTIFS(الطلبات!$A$2:$A$303,الطلبات!$A$2:$A$303)) -> 41 | G8: =SUMIF(الطلبات!$F$2:$F$303,E8,الطلبات!$I$2:$I$303) -> 2791.03
A9: 7 | B9: =SUMPRODUCT((الطلبات!$E$2:$E$303=A9)/COUNTIFS(الطلبات!$A$2:$A$303,الطلبات!$A$2:$A$303)) -> 8 | C9: =SUMIF(الطلبات!$E$2:$E$303,A9,الطلبات!$I$2:$I$303) -> 628
A10: 8 | B10: =SUMPRODUCT((الطلبات!$E$2:$E$303=A10)/COUNTIFS(الطلبات!$A$2:$A$303,الطلبات!$A$2:$A$303)) -> 11 | C10: =SUMIF(الطلبات!$E$2:$E$303,A10,الطلبات!$I$2:$I$303) -> 801
A11: 9 | B11: =SUMPRODUCT((الطلبات!$E$2:$E$303=A11)/COUNTIFS(الطلبات!$A$2:$A$303,الطلبات!$A$2:$A$303)) -> 7 | C11: =SUMIF(الطلبات!$E$2:$E$303,A11,الطلبات!$I$2:$I$303) -> 419
A12: 10 | B12: =SUMPRODUCT((الطلبات!$E$2:$E$303=A12)/COUNTIFS(الطلبات!$A$2:$A$303,الطلبات!$A$2:$A$303)) -> 11 | C12: =SUMIF(الطلبات!$E$2:$E$303,A12,الطلبات!$I$2:$I$303) -> 509
A13: 11 | B13: =SUMPRODUCT((الطلبات!$E$2:$E$303=A13)/COUNTIFS(الطلبات!$A$2:$A$303,الطلبات!$A$2:$A$303)) -> 12 | C13: =SUMIF(الطلبات!$E$2:$E$303,A13,الطلبات!$I$2:$I$303) -> 588
A14: 12 | B14: =SUMPRODUCT((الطلبات!$E$2:$E$303=A14)/COUNTIFS(الطلبات!$A$2:$A$303,الطلبات!$A$2:$A$303)) -> 9 | C14: =SUMIF(الطلبات!$E$2:$E$303,A14,الطلبات!$I$2:$I$303) -> 577
A15: 13 | B15: =SUMPRODUCT((الطلبات!$E$2:$E$303=A15)/COUNTIFS(الطلبات!$A$2:$A$303,الطلبات!$A$2:$A$303)) -> 14 | C15: =SUMIF(الطلبات!$E$2:$E$303,A15,الطلبات!$I$2:$I$303) -> 964.97
A16: 14 | B16: =SUMPRODUCT((الطلبات!$E$2:$E$303=A16)/COUNTIFS(الطلبات!$A$2:$A$303,الطلبات!$A$2:$A$303)) -> 11 | C16: =SUMIF(الطلبات!$E$2:$E$303,A16,الطلبات!$I$2:$I$303) -> 771.03
A17: 15 | B17: =SUMPRODUCT((الطلبات!$E$2:$E$303=A17)/COUNTIFS(الطلبات!$A$2:$A$303,الطلبات!$A$2:$A$303)) -> 18 | C17: =SUMIF(الطلبات!$E$2:$E$303,A17,الطلبات!$I$2:$I$303) -> 1168.05
A18: 16 | B18: =SUMPRODUCT((الطلبات!$E$2:$E$303=A18)/COUNTIFS(الطلبات!$A$2:$A$303,الطلبات!$A$2:$A$303)) -> 10 | C18: =SUMIF(الطلبات!$E$2:$E$303,A18,الطلبات!$I$2:$I$303) -> 658
A19: 17 | B19: =SUMPRODUCT((الطلبات!$E$2:$E$303=A19)/COUNTIFS(الطلبات!$A$2:$A$303,الطلبات!$A$2:$A$303)) -> 8 | C19: =SUMIF(الطلبات!$E$2:$E$303,A19,الطلبات!$I$2:$I$303) -> 494
A20: 18 | B20: =SUMPRODUCT((الطلبات!$E$2:$E$303=A20)/COUNTIFS(الطلبات!$A$2:$A$303,الطلبات!$A$2:$A$303)) -> 3 | C20: =SUMIF(الطلبات!$E$2:$E$303,A20,الطلبات!$I$2:$I$303) -> 199
... A25: 23 | B25: =SUMPRODUCT((الطلبات!$E$2:$E$303=A25)/COUNTIFS(الطلبات!$A$2:$A$303,الطلبات!$A$2:$A$303)) -> 13 | C25: =SUMIF(الطلبات!$E$2:$E$303,A25,الطلبات!$I$2:$I$303) -> 793
A27: الساعة بتوقيت سلة كما هي في التقرير (يُرجّح توقيت السعودية).
